<?xml version="1.0" encoding="UTF-8"?>
<beans xmlns="http://www.springframework.org/schema/beans"
	xmlns:xsi="http://www.w3.org/2001/XMLSchema-instance" 
	xmlns:aop="http://www.springframework.org/schema/aop"
	xsi:schemaLocation="http://www.springframework.org/schema/beans 
	http://www.springframework.org/schema/beans/spring-beans-4.0.xsd">
	
	<bean id="EmployeeBean" class="com.capge.bean.EmployeeBean">

	<property name="employeeId"><value>123</value></property>
	<property name="employeeName"><value>manoj</value></property>
	<property name="employeeSalary"><value>22.22</value></property>
	<property name="businessUnit"><ref bean="SBU"/></property>
	<property name="employeeAge"><value>21</value></property>

	</bean>
	
	<bean id ="SBU" class="com.capge.bean.SBU">
	<property name="sbuName"><value>fullstack</value></property>
	<property name="sbuHead"><value>mojo</value></property>
	
	</bean>

</beans>